Product,GrossOrderValue,Orders,Units,AverageOrderValue,IssueRate
Phone,151722.39,156,411,972.5794230769231,0.3974358974358974
Desk,167459.93,170,508,985.0584117647059,0.3941176470588235
Monitor,175651.41,163,480,1077.6160122699387,0.43558282208588955
Tablet,186568.95,179,497,1042.2846368715084,0.4301675977653631
Laptop,192126.56,173,535,1110.5581502890172,0.4277456647398844
Printer,195612.61000000002,181,542,1080.7326519337018,0.40331491712707185
Chair,195620.11,178,562,1098.9893820224718,0.4101123595505618
