CouponCode,GrossOrderValue,Orders,AverageOrderValue,IssueRate
WINTER15,302483.54,292,1035.9025342465752,0.4452054794520548
NO_COUPON,322401.41,309,1043.3702588996764,0.4336569579288026
SAVE10,304840.02,286,1065.8741958041958,0.36713286713286714
FREESHIP,335036.99,313,1070.4057188498402,0.40894568690095845
