ReferralSource,GrossOrderValue,Orders,AverageOrderValue,IssueRate
Referral,226815.58,222,1021.6918018018017,0.42342342342342343
Facebook,250410.9,228,1098.2934210526316,0.4298245614035088
Google,250441.48,241,1039.176265560166,0.4190871369294606
Email,261808.55,250,1047.2341999999999,0.432
Instagram,275285.45,259,1062.8781853281853,0.37065637065637064
