Year,GrossOrderValue,Orders,AverageOrderValue,IssueRate
2023,286501.52,252,1136.9107936507937,0.44841269841269843
2024,257059.34,237,1084.6385654008438,0.4008438818565401
2025,231882.85,231,1003.8218614718616,0.4675324675324675
