OrderStatus,GrossOrderValue,Orders,OrderShare
Delivered,242600.32,231,0.1925
Shipped,246159.58,235,0.19583333333333333
Pending,256328.15,237,0.1975
Returned,243277.7,247,0.20583333333333334
Cancelled,276396.21,250,0.20833333333333334
